pageURL,previewURL,tags,views,downloads,likes,comments,is_popular,hooks_viewers,user_interaction_score
https://pixabay.com/photos/colorful-painting-background-2468874/,https://cdn.pixabay.com/photo/2017/07/03/20/17/colorful-2468874_150.jpg,"colorful, wallpaper hd, painting",2616861,2034900,2814,465,Popular,yes,1308.51
https://pixabay.com/photos/girl-face-colorful-colors-artistic-2696947/,https://cdn.pixabay.com/photo/2017/08/30/12/45/girl-2696947_150.jpg,"girl, face, colorful",1924200,1415504,3558,499,Popular,yes,1775.442
https://pixabay.com/photos/paint-makeup-girl-cosmetics-2985569/,https://cdn.pixabay.com/photo/2017/11/29/09/15/paint-2985569_150.jpg,"paint, makeup, girl",1256068,870319,2374,321,Popular,yes,762.054
https://pixabay.com/photos/color-acrylic-paint-art-painting-4158152/,https://cdn.pixabay.com/photo/2019/04/26/17/47/color-4158152_150.jpg,"color, acrylic paint, art",383054,321263,790,49,Popular,yes,38.71
https://pixabay.com/photos/art-watercolors-arts-and-crafts-1851483/,https://cdn.pixabay.com/photo/2016/11/23/00/37/art-1851483_150.jpg,"art, watercolors, arts and crafts",401047,271249,908,120,Popular,yes,108.96
https://pixabay.com/photos/watercolor-painting-colorful-art-2681039/,https://cdn.pixabay.com/photo/2017/08/25/18/48/watercolor-2681039_150.jpg,"watercolor, phone wallpaper, samsung wallpaper",1569161,1212169,1579,163,Popular,yes,257.377
https://pixabay.com/photos/brushes-painter-work-shop-bowl-3129361/,https://cdn.pixabay.com/photo/2018/02/04/09/09/brushes-3129361_150.jpg,"brushes, painter, work shop",380828,259067,796,113,Popular,yes,89.948
https://pixabay.com/photos/art-paint-water-colors-desk-artist-1209519/,https://cdn.pixabay.com/photo/2016/02/19/10/59/art-1209519_150.jpg,"art, paint, water colors",391264,270352,829,115,Popular,yes,95.335
https://pixabay.com/photos/mountain-colors-paint-colorful-art-6538890/,https://cdn.pixabay.com/photo/2021/08/11/16/06/mountain-6538890_150.jpg,"mountain, colors, paint",467295,408998,485,222,Popular,yes,107.67
https://pixabay.com/photos/art-multicoloured-to-dye-abstract-2369664/,https://cdn.pixabay.com/photo/2017/06/03/20/12/art-2369664_150.jpg,"art, multicoloured, to dye",728777,646263,741,87,Popular,yes,64.467
https://pixabay.com/photos/abstract-painting-feathers-6047465/,https://cdn.pixabay.com/photo/2021/02/24/20/53/abstract-6047465_150.jpg,"abstract, painting, beautiful wallpaper",429653,341959,559,82,Popular,yes,45.838
https://pixabay.com/photos/paper-brush-color-palette-painting-3204064/,https://cdn.pixabay.com/photo/2018/03/06/17/40/paper-3204064_150.jpg,"paper, brush, color",203295,148469,453,81,Popular,yes,36.693
https://pixabay.com/photos/brush-paint-color-watercolor-art-96240/,https://cdn.pixabay.com/photo/2013/03/23/23/10/brush-96240_150.jpg,"brush, paint, color",209107,143054,416,63,Popular,yes,26.208
https://pixabay.com/photos/woman-beauty-light-painting-light-6046019/,https://cdn.pixabay.com/photo/2021/02/24/09/51/woman-6046019_150.jpg,"woman, beauty, light painting",100210,73647,371,47,Not Popular,no,17.437
https://pixabay.com/photos/gallery-art-mural-baroque-3114279/,https://cdn.pixabay.com/photo/2018/01/28/17/48/gallery-3114279_150.jpg,"gallery, art, mural",206560,141661,382,66,Popular,yes,25.212
https://pixabay.com/photos/hearts-paint-brush-painting-love-6963368/,https://cdn.pixabay.com/photo/2022/01/24/13/05/hearts-6963368_150.jpg,"hearts, paint brush, painting",77621,62245,238,102,Not Popular,no,24.276
https://pixabay.com/photos/to-dye-watercolor-colour-5821297/,https://cdn.pixabay.com/photo/2020/12/10/20/40/color-5821297_150.jpg,"to dye, watercolor, colour",69931,54335,189,71,Not Popular,no,13.419
https://pixabay.com/photos/art-art-supplies-artist-blue-brush-1478831/,https://cdn.pixabay.com/photo/2016/06/25/12/55/art-1478831_150.jpg,"art, art supplies, artist",214874,150539,421,53,Popular,yes,22.313
https://pixabay.com/photos/graffiti-wall-mural-painting-569265/,https://cdn.pixabay.com/photo/2014/12/15/16/46/graffiti-569265_150.jpg,"graffiti, wall, mural",307433,163681,487,61,Popular,yes,29.707
https://pixabay.com/photos/girl-colors-holi-festival-child-3194977/,https://cdn.pixabay.com/photo/2018/03/03/06/26/girl-3194977_150.jpg,"girl, colors, holi",369303,232827,830,161,Popular,yes,133.63
https://pixabay.com/photos/art-brushes-colorful-paint-1840481/,https://cdn.pixabay.com/photo/2016/11/19/17/28/art-1840481_150.jpg,"art, brushes, colorful",104712,72356,306,36,Not Popular,no,11.016
https://pixabay.com/photos/makeup-face-woman-portrait-girl-2983550/,https://cdn.pixabay.com/photo/2017/11/28/12/39/makeup-2983550_150.jpg,"makeup, face, woman",171822,125746,547,39,Popular,no,21.333
https://pixabay.com/photos/woman-face-light-painting-light-6174830/,https://cdn.pixabay.com/photo/2021/04/13/06/59/woman-6174830_150.jpg,"woman, windows wallpaper, face",237872,184964,573,96,Popular,yes,55.008
https://pixabay.com/photos/watercolor-colour-art-paint-brush-3445376/,https://cdn.pixabay.com/photo/2018/05/31/23/23/watercolor-3445376_150.jpg,"watercolor, colour, art",167446,130562,333,77,Popular,no,25.641
https://pixabay.com/photos/paint-makeup-girl-cosmetics-2990357/,https://cdn.pixabay.com/photo/2017/12/01/08/02/paint-2990357_150.jpg,"paint, makeup, girl",113609,76328,414,38,Not Popular,no,15.732
https://pixabay.com/photos/woman-face-light-painting-light-6217377/,https://cdn.pixabay.com/photo/2021/04/29/19/56/woman-6217377_150.jpg,"woman, face, hd wallpaper",114538,88051,311,43,Not Popular,no,13.373
https://pixabay.com/photos/eggs-easter-easter-eggs-egg-carton-3216877/,https://cdn.pixabay.com/photo/2018/03/11/14/09/eggs-3216877_150.jpg,"eggs, easter, easter eggs",146708,98532,411,65,Not Popular,no,26.715
https://pixabay.com/photos/holi-girl-indian-india-dance-fun-2416686/,https://cdn.pixabay.com/photo/2017/06/18/18/26/holi-2416686_150.jpg,"holi, girl, indian",319425,214206,718,127,Popular,yes,91.186
https://pixabay.com/photos/hands-words-meaning-fingers-423794/,https://cdn.pixabay.com/photo/2014/08/22/01/39/hands-423794_150.jpg,"hands, words, meaning",251526,124124,626,152,Popular,yes,95.152
https://pixabay.com/photos/easter-eggs-basket-color-colored-1231120/,https://cdn.pixabay.com/photo/2016/03/01/20/28/easter-eggs-1231120_150.jpg,"easter eggs, basket, color",57400,28919,270,65,Not Popular,no,17.55
https://pixabay.com/photos/brushes-chalks-colorful-2927793/,https://cdn.pixabay.com/photo/2017/11/07/18/40/brushes-2927793_150.jpg,"brushes, chalks, colorful",105343,68208,364,56,Not Popular,no,20.384
https://pixabay.com/photos/houses-boats-street-canal-venice-1622066/,https://cdn.pixabay.com/photo/2016/08/26/12/44/houses-1622066_150.jpg,"houses, boats, street",137691,84672,385,44,Not Popular,no,16.94
https://pixabay.com/photos/wood-colorful-red-orange-yellow-8196/,https://cdn.pixabay.com/photo/2011/06/29/15/27/wood-8196_150.jpg,"wood, beautiful wallpaper, colorful",194427,142018,355,58,Popular,no,20.59
https://pixabay.com/photos/easter-eggs-basket-easter-eggs-2093315/,https://cdn.pixabay.com/photo/2017/02/23/21/58/easter-2093315_150.jpg,"easter, eggs, basket",214858,110046,320,67,Popular,yes,21.44
https://pixabay.com/photos/spray-cans-colour-paint-cans-3349588/,https://cdn.pixabay.com/photo/2018/04/25/13/52/spray-3349588_150.jpg,"spray, cans, colour",52688,35371,161,65,Not Popular,no,10.465
https://pixabay.com/photos/manicure-pedicure-cosmetics-care-870857/,https://cdn.pixabay.com/photo/2015/08/01/23/28/manicure-870857_150.jpg,"manicure, pedicure, cosmetics",153454,94201,295,45,Not Popular,no,13.275
https://pixabay.com/photos/painting-watercolor-paint-paper-2407262/,https://cdn.pixabay.com/photo/2017/06/15/23/47/painting-2407262_150.jpg,"painting, free background, watercolor",245870,162559,1106,201,Popular,yes,222.306
https://pixabay.com/photos/green-art-wood-sharp-pencil-group-1738220/,https://cdn.pixabay.com/photo/2016/10/13/16/40/green-1738220_150.jpg,"green, art, wood",327997,210772,720,133,Popular,yes,95.76
https://pixabay.com/photos/face-painting-colorful-woman-2848057/,https://cdn.pixabay.com/photo/2017/10/13/16/06/face-painting-2848057_150.jpg,"face painting, nature, colorful",96078,57308,537,64,Not Popular,no,34.368
https://pixabay.com/photos/colored-pencils-to-paint-heart-4031668/,https://cdn.pixabay.com/photo/2019/03/03/11/34/colored-pencils-4031668_150.jpg,"colored pencils, to paint, heart",81504,60184,290,86,Not Popular,no,24.94
https://pixabay.com/photos/background-art-abstract-watercolor-3516145/,https://cdn.pixabay.com/photo/2018/07/04/13/37/background-3516145_150.jpg,"background, wallpaper 4k, art",84180,62348,425,51,Not Popular,no,21.675
https://pixabay.com/photos/palette-paints-oil-painting-1482678/,https://cdn.pixabay.com/photo/2016/06/27/14/57/palette-1482678_150.png,"palette, paints, oil",112936,75420,305,48,Not Popular,no,14.64
https://pixabay.com/photos/abstract-ink-water-colors-3866486/,https://cdn.pixabay.com/photo/2018/12/10/09/15/abstract-3866486_150.jpg,"abstract, ink, nature",103660,67317,361,53,Not Popular,no,19.133
https://pixabay.com/photos/heart-valentine-love-affection-red-4169573/,https://cdn.pixabay.com/photo/2019/04/30/21/22/heart-4169573_150.jpg,"heart, valentine, love",55304,43880,236,51,Not Popular,no,12.036
https://pixabay.com/photos/abstract-ink-that-colors-3866485/,https://cdn.pixabay.com/photo/2018/12/10/09/15/abstract-3866485_150.jpg,"abstract, ink, that",95229,64768,305,40,Not Popular,no,12.2
https://pixabay.com/photos/paint-brush-to-dye-canvas-3222629/,https://cdn.pixabay.com/photo/2018/03/13/14/16/brush-3222629_150.jpg,"paint brush, to dye, canvas",73680,46871,211,51,Not Popular,no,10.761
https://pixabay.com/photos/easter-eggs-easter-eggs-3131188/,https://cdn.pixabay.com/photo/2018/02/04/23/58/easter-eggs-3131188_150.jpg,"easter eggs, easter, eggs",123175,56931,368,90,Not Popular,no,33.12
https://pixabay.com/photos/watercolor-background-design-paper-795161/,https://cdn.pixabay.com/photo/2015/06/02/15/31/watercolor-795161_150.jpg,"watercolor, background, beautiful wallpaper",130429,81424,499,81,Not Popular,no,40.419
https://pixabay.com/photos/athens-art-school-raphael-1143741/,https://cdn.pixabay.com/photo/2016/01/16/18/30/art-school-of-athens-1143741_150.jpg,"athens art school, raphael, italian painter",137834,80451,338,39,Not Popular,no,13.182
https://pixabay.com/photos/banner-easter-egg-colored-1255730/,https://cdn.pixabay.com/photo/2016/03/14/16/10/banner-1255730_150.jpg,"banner, easter, egg",74044,37096,340,50,Not Popular,no,17
https://pixabay.com/photos/colored-pencils-colour-pencils-374771/,https://cdn.pixabay.com/photo/2014/06/22/17/21/colored-pencils-374771_150.jpg,"colored pencils, colour pencils, star-shaped",99820,60912,234,57,Not Popular,no,13.338
https://pixabay.com/photos/back-to-school-pencils-rainbow-art-1576791/,https://cdn.pixabay.com/photo/2016/08/07/18/22/back-to-school-1576791_150.jpg,"back to school, pencils, rainbow",169116,112668,341,50,Popular,no,17.05
https://pixabay.com/photos/watercolor-background-design-795156/,https://cdn.pixabay.com/photo/2015/06/02/15/27/watercolor-795156_150.jpg,"watercolor, background, design",84952,56041,384,47,Not Popular,no,18.048
https://pixabay.com/photos/toys-frame-puzzle-rubber-duck-3200969/,https://cdn.pixabay.com/photo/2018/03/05/15/25/toys-3200969_150.jpg,"toys, frame, puzzle",180142,119932,368,82,Popular,no,30.176
